returns_last_90_days,avg_refund_amount,purchase_return_gap_days,damage_claim_frequency,high_value_item,return_reason_similarity,return_purchase_ratio,fraud_label
11,4862,16,2,1,0.41160078055233074,0.741428693870646,0
7,4634,2,7,1,0.8961072163012636,0.7802600354995926,0
14,4740,11,6,0,0.24827670205622832,0.5371285733545539,1
10,7295,10,5,1,0.5978572318271873,0.21713192343804,1
6,3080,7,4,1,0.28597779113277877,0.4311262746047788,0
11,1671,17,8,0,0.9268731089605242,0.8135676441205739,0
13,1174,3,8,1,0.8179198651539455,0.7324782945005031,0
12,5759,24,1,0,0.11449815486192483,0.2405363048365058,0
13,6652,24,3,0,0.8581319467334424,0.02176671044263445,0
2,5738,23,3,0,0.7708557571561235,0.36158130895367857,0
11,6301,26,1,0,0.670743220754992,0.9824074623910217,0
0,7900,11,3,1,0.42020233358773806,0.028952833406157508,0
14,1351,14,3,1,0.7365362530958794,0.1077718734162858,0
13,4668,24,2,0,0.02784553369656928,0.6318169083777972,0
14,7218,21,1,0,0.998642163331564,0.27631757291620773,0
2,7087,2,7,1,0.5250521714406616,0.7133047285241532,0
13,2398,2,2,1,0.4599413421955759,0.4963826804074777,0
13,3382,26,1,0,0.830636803176279,0.45852375521223043,0
7,4748,25,9,0,0.5081728861992055,0.7867118619779417,0
0,5226,6,3,0,0.05381668187541899,0.5005281993245284,0
12,388,5,3,0,0.9873531925364719,0.5463670167262146,0
1,313,22,5,1,0.8930009450220752,0.5910193732583149,0
14,2963,22,7,1,0.42922029943220674,0.1197877799310555,0
12,3620,1,0,0,0.7026097114230705,0.5053323333958425,0
13,1991,8,1,1,0.8499959062090966,0.00020279388263644282,0
7,6655,22,0,1,0.5356751390633747,0.33841283831506486,0
14,7997,22,7,0,0.6246595407807622,0.8474303510841035,1
2,830,21,2,1,0.7677251477573459,0.8896007639611868,0
7,4081,5,2,0,0.671632593266885,0.46686608940427554,0
7,2492,26,5,0,0.01120819840961984,0.7015556662058774,0
1,1714,10,7,0,0.7179411481057096,0.5712848100858604,0
4,6736,25,3,0,0.961747632643357,0.6266852170222661,0
8,7138,25,0,0,0.6026927401758713,0.549129359582506,0
6,5381,19,5,1,0.9191804220179632,0.8077783932618048,0
0,3993,21,0,1,0.9357311535161494,0.7729397212116171,0
13,7998,1,7,0,0.7649557958319283,0.7024186406299557,1
9,5118,17,6,0,0.6194067239971174,0.525579783533613,1
5,3750,15,9,0,0.27641035730791697,0.31141291571881524,0
11,7313,26,0,0,0.574786910831707,0.09560811628340227,0
12,2291,22,2,1,0.8686087228297219,0.7776897960107109,0
13,1309,2,6,1,0.22583807737884853,0.9707938764799309,0
3,1341,19,3,1,0.9540880400038859,0.8029817627633583,0
1,2632,7,4,0,0.20654556312585937,0.33155557469057195,0
3,6519,1,8,1,0.9961567379597731,0.9032783986675276,0
0,6229,3,5,0,0.2660965708484285,0.7934422829463652,0
2,245,14,0,1,0.12671199907416075,0.14885844584460606,0
9,1840,13,2,0,0.5279052435102917,0.18033449314204997,0
14,754,5,7,1,0.41926799138008863,0.17772548434230695,0
10,2379,16,0,0,0.4552225183884664,0.9232762755511966,0
7,5427,8,2,1,0.4917176621056035,0.16279334556403546,0
1,4565,23,6,0,0.6724494851077258,0.38719645749182563,0
2,4667,10,4,0,0.3992001750246502,0.3713734661863549,0
3,3773,22,9,1,0.8799344621141655,0.15864487381566605,0
13,5649,17,7,0,0.878593755322775,0.6195589844383259,1
3,3098,24,6,0,0.4942662983937687,0.23132892405233807,0
10,4271,23,6,0,0.05923660321193469,0.5261692566338226,1
12,5309,11,6,0,0.4486808512000938,0.40407580020036726,1
6,1686,19,5,1,0.9117185911753382,0.7485089855406656,0
7,6270,4,1,1,0.8404028356078623,0.5197333451305394,0
3,1082,27,3,0,0.5530918003787534,0.36337775646984394,0
4,7128,7,6,1,0.3671063142737975,0.8014625767654443,0
5,5880,16,7,0,0.7605837596226886,0.9560977649444976,0
0,3475,24,7,0,0.6668325540932281,0.03605713433345159,0
1,486,13,8,0,0.4493040310041151,0.484828406505864,0
1,4437,15,6,1,0.5011721534740562,0.0644931889756184,0
9,4948,4,7,0,0.8876760401434074,0.947486710555078,1
14,6583,1,9,1,0.6903438063474779,0.25965554320199646,1
8,7356,28,9,1,0.2032268410047825,0.4162637629154141,1
14,6029,15,7,0,0.7550017436553426,0.5150780361157286,1
13,3691,21,2,0,0.7804074291965805,0.7620448081981182,0
14,824,27,9,0,0.5417165358592949,0.9841866888234388,0
10,7195,23,3,1,0.9158103428345524,0.8520802084166655,0
11,6208,20,7,0,0.38107436390957206,0.36315031488897687,1
5,1713,13,0,0,0.8974677297806589,0.1765143789820054,0
4,751,15,3,0,0.27664011600736904,0.6671494294112036,0
4,6943,1,0,0,0.7035599731576601,0.7711308055596159,0
2,7109,14,2,0,0.3588624149276576,0.5779661462293947,0
6,3465,21,2,1,0.45851381674258884,0.17165110544590034,0
7,1558,5,8,1,0.5928523257455092,0.8063412418998758,0
8,5027,28,6,0,0.8426308471862413,0.211885360314076,1
5,4975,26,1,0,0.9649258621558169,0.5325804756346316,0
7,5381,5,9,1,0.4247264746223677,0.33302726812681294,0
11,6282,15,9,0,0.4898296158331359,0.131477135157839,1
4,7350,17,0,0,0.902052309053708,0.7004260122131168,0
10,6884,8,4,0,0.8066416359028682,0.710589271650542,0
11,7165,29,8,1,0.6588120995514111,0.2544232942214003,1
0,3864,20,2,1,0.5042739527039743,0.7996758364825844,0
8,6742,14,2,1,0.3878349739821809,0.9043376222445092,0
5,5530,2,9,1,0.5376302348606238,0.40922229093167173,0
3,4745,15,5,0,0.5960603312085228,0.9486877879989378,0
14,596,20,4,1,0.05881035790551792,0.42190826786053537,0
13,4935,28,3,1,0.6069375709890373,0.07501044801307055,0
3,1862,20,8,1,0.8909881661965035,0.7603018145624327,0
6,6029,15,0,0,0.4209421533866581,0.46559425175034597,0
5,7283,18,9,0,0.7231273715381842,0.14345226278859657,0
3,4733,6,6,1,0.2802355488713155,0.035239282434291974,0
9,1831,17,6,1,0.7844237842918826,0.9032272765768636,0
8,2752,18,9,1,0.8158100136213555,0.9989642052662095,0
5,5703,25,6,0,0.3863088206262867,0.5800434548188319,0
9,3470,19,0,1,0.6611070265644948,0.38749192507144314,0
5,3624,6,5,1,0.3159844368891148,0.2606848961782323,0
13,5437,10,6,0,0.3847989941007742,0.9771285354435097,1
10,7487,15,3,1,0.930627385562745,0.8870785595810206,0
12,5834,3,8,0,0.06345079125367215,0.46070068559894806,1
8,4265,2,5,0,0.3621606504764905,0.528892814928477,1
5,2976,7,8,1,0.036133999792140714,0.9761365741205501,0
12,6485,28,7,0,0.5514650719372712,0.9964020384080632,1
14,4692,5,9,0,0.10391192406438499,0.9109811304394064,1
9,7233,6,4,1,0.13348047370048421,0.7896420385602452,0
3,1087,29,9,0,0.6179937380626911,0.47263766530042384,0
6,1784,20,5,1,0.8474547678978473,0.6803813544168751,0
12,1703,26,5,0,0.5326449801566562,0.7486311159515541,0
3,2049,7,0,0,0.24698269640341308,0.5286232855227417,0
9,5198,1,6,0,0.3583954146236288,0.33674744359635844,1
12,4885,25,3,0,0.6577499934240859,0.793481978407888,0
2,7597,22,9,1,0.8446751863998453,0.6069932310691167,0
10,5031,11,5,1,0.04608073567752513,0.5398553704666831,1
14,1073,9,6,1,0.8570727860728192,0.35937505772655864,0
8,5810,10,1,0,0.49732501141972085,0.9613231684284019,0
9,2887,22,6,1,0.8438304079279888,0.3722354671213667,0
1,4205,11,8,0,0.19711904483250842,0.3239581065041528,0
13,4051,11,5,0,0.5688776564598541,0.890129282280918,1
12,1353,22,6,0,0.4430524069136471,0.18134001211246065,0
4,1156,27,1,1,0.001668306762010241,0.32561366150577176,0
0,6123,22,0,0,0.2287034120668574,0.48456796464830965,0
8,7541,11,6,0,0.48315823154816984,0.6810200857626507,1
13,3664,24,6,1,0.6364630598198705,0.041831392602371564,1
12,4328,6,0,1,0.9569558675035781,0.8356098065517089,0
10,5437,27,4,0,0.02168715735716875,0.3445985719202779,0
10,3735,13,9,1,0.8710317866769925,0.36685428443269874,1
0,6907,15,8,0,0.31045886828038527,0.25711708168879066,0
4,7664,5,7,0,0.48152399489993225,0.4504067728949759,0
2,4443,1,4,1,0.737866163244494,0.9249270609180891,0
7,5795,9,1,1,0.7632523291087905,0.6444015571299467,0
3,7274,22,2,0,0.08810596198343235,0.6136280501791856,0
0,2439,24,6,0,0.023943891196128053,0.46086945962782455,0
7,2752,13,1,1,0.09780748660438054,0.007142899344306786,0
7,5724,21,4,1,0.6789365939636326,0.3334741926142589,0
6,3880,4,0,1,0.6576456334177099,0.6234643038893066,0
6,2464,22,0,0,0.9798342917451095,0.39427831817594783,0
13,2472,16,5,1,0.6047518189263529,0.5246012366952241,0
11,5607,7,0,1,0.0027301894713511743,0.36757537696915976,0
0,2149,20,6,1,0.8286461174986604,0.2293369651004724,0
7,651,3,3,1,0.5271393372696048,0.4627918777696568,0
0,7622,3,8,0,0.9939488380836302,0.15911559227487104,0
6,7534,14,5,0,0.9924374732671367,0.30026983740941704,0
13,4579,14,5,0,0.9478491021696657,0.5679833535995318,1
12,7419,11,1,0,0.9555538151148338,0.25712617750074884,0
4,4500,16,3,1,0.8290616619423848,0.6688701612304258,0
12,7729,19,4,0,0.18543156788991288,0.4297707613581062,0
12,5199,9,2,0,0.15626230040193878,0.8147323937809943,0
9,4116,3,0,1,0.9763890522368458,0.8109721127805622,0
5,1796,19,4,0,0.27271980874807455,0.7406628782516843,0
7,628,19,3,1,0.20094300324236403,0.09044341506576292,0
9,7325,1,4,0,0.7095478261270988,0.35873959789797427,0
12,1843,25,3,1,0.6915925727728846,0.9423113850329135,0
5,6316,24,8,1,0.3636496363815944,0.660227520000399,0
0,4796,25,4,0,0.6242032835023481,0.026836132300264826,0
11,3232,6,0,0,0.88449009802186,0.3111099178638582,0
5,503,6,4,0,0.9012118095743118,0.7950332893969535,0
10,4309,24,9,0,0.7743212372614592,0.7506087873501097,1
3,5039,27,6,1,0.8579085327621979,0.7576269259811934,0
14,1804,18,5,0,0.6646728230530142,0.32995703700255785,0
13,2221,14,0,0,0.6538775242275329,0.11292244136292895,0
6,470,22,4,1,0.2496860576827964,0.46761317965561755,0
1,1017,7,2,0,0.7802873268501503,0.709475930089078,0
2,5690,15,8,0,0.9503916860494847,0.6673782144263141,0
13,7738,15,7,0,0.16655633549162008,0.9556975411181813,1
10,2059,29,2,1,0.8940332412005785,0.6956218330664588,0
10,3238,3,7,0,0.6128520868217827,0.27572224709105586,1
12,5667,11,6,1,0.5957828699454241,0.9835172662143676,1
9,2436,26,5,0,0.5265500569853719,0.046199411550457814,0
13,4583,11,1,1,0.884050716559999,0.9279909120195781,0
12,3770,24,9,1,0.5957638086014206,0.400096511031654,1
1,3126,16,5,1,0.832766155657841,0.5695599884245691,0
2,5154,12,9,1,0.6133915050274928,0.6462112376993296,0
11,3002,29,5,0,0.4425059030363512,0.36119751888355556,1
1,2224,21,6,1,0.22213791139835504,0.337372261651125,0
7,3631,2,4,1,0.320673128776636,0.11517765836439531,0
0,494,17,7,1,0.24106273165826775,0.4914501134548933,0
12,3062,8,9,1,0.08544870643572378,0.2870875353960881,1
9,4977,13,7,1,0.6694321907070612,0.729168095714448,1
6,5916,12,5,0,0.679390899889462,0.4084815858075346,0
14,4123,6,1,0,0.19050815195451898,0.10563552508130458,0
12,6962,17,8,1,0.22598135356649507,0.2550985661564745,1
7,7684,19,9,0,0.18146333008722104,0.11182442551822747,0
8,1790,3,7,1,0.1327891359744261,0.36344407849975413,0
1,5589,23,0,1,0.5680599808891095,0.12803155933382615,0
3,2689,13,0,1,0.5597229108758119,0.4685347454070454,0
14,574,8,8,1,0.5607177348059412,0.6000142518469197,0
14,2387,25,0,0,0.8245228655308909,0.7010356904266265,0
6,3631,22,4,1,0.1629104276894775,0.41674675926060734,0
3,2410,25,6,0,0.1589036586290098,0.18293354182484478,0
4,5926,18,3,1,0.26265810636510223,0.7316303911429879,0
5,3958,19,8,0,0.8214539153314411,0.24913606939223043,0
9,589,25,7,0,0.5441598950326335,0.018521530294253963,0
6,4642,14,7,0,0.19243689668333763,0.5440237374785917,0
5,537,26,1,0,0.8404173820520152,0.6593617621505101,0
0,2835,22,7,0,0.475846053915553,0.35382200839664846,0
0,7916,11,9,1,0.16513572923354347,0.25952943203977663,0
11,2201,22,7,0,0.17921851967061597,0.5414515282686617,0
12,1625,20,6,1,0.22716247000063472,0.322100080489067,0
4,3661,12,1,1,0.8765602258312503,0.3734081066268671,0
10,7468,29,8,1,0.32681668456623736,0.17654650195036226,1
13,5102,22,9,0,0.9186224723452869,0.8674208475846286,1
6,2933,12,9,0,0.7367385653736126,0.24827056772250733,0
9,5451,27,9,0,0.8586624012357962,0.5968300572104369,1
5,7589,24,6,1,0.7453571241373105,0.24097582713007693,0
8,5764,19,5,0,0.6653246552065644,0.6095213598182864,1
5,7418,12,3,1,0.9191306318096157,0.6672531305239677,0
14,5302,17,0,0,0.8558473419798872,0.859390700887453,0
5,2721,25,8,0,0.26465189617402984,0.9653883722269253,0
7,3999,13,2,0,0.522472806483479,0.78293529646607,0
5,3676,1,2,0,0.03834801622535211,0.33708151978747036,0
2,4439,15,8,0,0.14100568079881626,0.5071477415149304,0
4,1462,29,0,1,0.4344927681175863,0.3413940900802751,0
1,4073,4,3,0,0.7016525824332036,0.7694097531330564,0
8,4895,4,1,1,0.9007285686496694,0.1381553653821026,0
13,7622,10,1,0,0.000392629530452826,0.029265312492757323,0
0,5585,16,9,0,0.8022693390771042,0.621374764411878,0
1,4532,7,8,0,0.4711314066623191,0.8415142862634025,0
10,2161,6,7,1,0.9121285403823689,0.8409519934194551,0
6,1253,22,8,0,0.29136990936275575,0.16811945413320695,0
8,1153,16,9,0,0.014518547401593751,0.9800115100254932,0
2,4489,20,7,1,0.33857124034278163,0.30371199926564174,0
8,2433,17,8,1,0.32101550739076823,0.6496094975298163,0
0,2510,26,7,0,0.9271206669875817,0.6064542330666279,0
6,7916,4,4,0,0.14842343815662729,0.22851200419246886,0
10,7095,12,3,1,0.33506578206963944,0.9675681816142911,0
7,911,7,6,1,0.9067873823760196,0.45327425713325853,0
5,6033,6,7,1,0.3872208377560389,0.6588114110709004,0
12,6510,20,3,0,0.706087736448762,0.6870931834452619,0
12,1193,19,9,0,0.2981643992521146,0.4593628044810797,0
13,7187,17,7,1,0.705570755907146,0.7205766814970537,1
14,6160,16,7,1,0.2890783366494749,0.6522615626633814,1
10,6623,12,0,1,0.7192183065593727,0.05594655751615163,0
2,4992,19,2,1,0.3957021020271757,0.79083158022845,0
2,4455,10,5,1,0.022493841652220348,0.4402844362916444,0
9,7851,10,1,0,0.3665642185346796,0.4380618154234581,0
10,3705,23,8,0,0.484974122623296,0.18386941964679582,1
13,3451,29,3,1,0.6853542248923937,0.3549259805663759,0
6,4368,26,7,0,0.7447718576635105,0.3593661427739191,0
14,4570,21,2,0,0.5045834063162775,0.4129077769398235,0
11,489,2,7,1,0.6623211870552703,0.807938535653159,0
14,1455,6,7,1,0.47052913890415005,0.8064166790130783,0
3,6960,28,3,1,0.4492894689871534,0.251050619705692,0
0,3991,28,6,1,0.6906060523056279,0.028422973646183847,0
13,6474,28,2,0,0.7037242171473537,0.6673636826275509,0
4,6229,18,8,0,0.8680666267897346,0.9643676822728694,0
0,860,26,7,0,0.14442151998006636,0.4101210441661315,0
1,4723,19,7,1,0.7485023879288021,0.2851203433580074,0
5,6672,8,1,0,0.6330158747090723,0.5188703813865617,0
12,1277,12,2,1,0.49393183307011,0.9745806227679761,0
13,5812,25,4,0,0.46832263335115476,0.1893658856121937,0
12,4450,12,5,0,0.22907559683855372,0.14676142411520832,1
11,5723,29,9,0,0.43139996356161925,0.7493367683087625,1
3,2526,4,1,0,0.9410522832422652,0.9462855346274827,0
9,3021,14,3,0,0.6246057193505636,0.5141215414053921,0
2,558,21,1,0,0.687926444142565,0.6635057698059793,0
1,7195,10,5,1,0.49067345223862346,0.9029907871979891,0
1,3014,18,9,1,0.09848593491145219,0.3610868684415176,0
13,463,1,2,1,0.9913454132515092,0.035934321343936926,0
13,7077,7,3,1,0.5317373152153475,0.40972093428904865,0
8,1971,17,5,0,0.7924371824534648,0.5747021200022868,0
13,3387,1,3,0,0.990752495217297,0.9531382097192522,0
6,6151,23,9,0,0.1312042250965364,0.35319646280952677,0
5,622,25,8,1,0.9149791120501665,0.5175586075478779,0
4,7687,24,4,1,0.08011339685137275,0.2686629643973637,0
11,6889,3,7,1,0.23472929223226602,0.6261093808863767,1
1,948,18,2,0,0.06657768271952325,0.9533571990728743,0
14,1191,13,5,0,0.9862772924880138,0.8001429171302995,0
6,2077,28,5,0,0.16436782417834594,0.7520779896955384,0
0,2480,29,8,1,0.8914187629367907,0.27780402932476744,0
14,5419,15,9,0,0.34211109140067886,0.4469289109808309,1
5,7069,6,4,0,0.650728011952293,0.805449144790249,0
3,3729,23,2,0,0.9409797632388001,0.9026048575258592,0
1,5317,28,5,0,0.17552883427166865,0.9263879394904657,0
7,7138,19,6,0,0.7655531828450283,0.6072787499960649,0
14,3821,1,7,0,0.5099127378654423,0.3622139763185893,1
7,1037,3,4,0,0.12429506742898022,0.6251237764972702,0
3,6307,21,6,1,0.1813321680844291,0.47782042913821754,0
1,2004,14,8,0,0.7285878816199817,0.3844786727431416,0
1,620,18,6,1,0.44362755319154246,0.6177573991480305,0
2,1856,23,5,1,0.252013229877986,0.8880160265738906,0
1,3734,13,6,1,0.12038478513087714,0.4914563734624341,0
10,2150,25,2,0,0.8574504534973677,0.720958161249415,0
13,5500,12,7,1,0.13817821643177752,0.4297791609802891,1
0,3605,8,1,0,0.5886940517917298,0.6707561794643975,0
14,1414,3,0,0,0.9993205487948807,0.9182523123166538,0
3,279,9,5,1,0.9939115501720414,0.5544394549331927,0
14,4259,11,2,1,0.32925582558161426,0.7740820818937917,0
14,3235,22,4,0,0.7689797489815967,0.806062890433733,0
1,2435,16,5,0,0.4066130977365987,0.4248246390415079,0
10,1541,10,0,1,0.43187181268601604,0.04363521772622847,0
9,4076,29,7,0,0.9285571921680057,0.42866772297542943,1
8,6636,14,2,1,0.6228353508012499,0.9312613251617433,0
14,5775,16,0,1,0.4641035761582194,0.41380892226856336,0
3,3907,18,3,1,0.5747775049105642,0.9176007404617095,0
10,4000,11,5,1,0.05430992953608327,0.7885691210149085,1
12,766,10,3,0,0.978899164299337,0.255743215185917,0
14,5770,2,0,0,0.14250892878585764,0.4564915868847773,0
14,7629,17,5,1,0.7958726556928988,0.08762452445185775,1
7,2282,4,5,1,0.3716917646583512,0.3751587012667865,0
5,5931,2,8,0,0.9389979457360845,0.6682689705328907,0
4,490,16,4,1,0.0822084335725971,0.8696652512608838,0
14,217,21,4,0,0.20648530341683102,0.9635012545919981,0
12,6603,16,5,1,0.16441817818755744,0.5256317120671947,1
5,6407,1,9,1,0.6443343452797353,0.8873450746212493,0
13,4982,2,0,0,0.9670906433373933,0.8219758492828243,0
8,3370,15,7,1,0.42273648938839015,0.4005577674907168,1
1,7244,20,5,1,0.40359878155426887,0.2001354345938362,0
4,5088,22,2,0,0.36167100242246764,0.5402675472259832,0
7,3966,16,4,0,0.39486288500374844,0.15284348067838482,0
0,6323,13,9,1,0.24238189463026028,0.7898976794252623,0
1,7359,22,7,0,0.07143693800976159,0.5645908468053622,0
6,976,15,6,1,0.6660756431088959,0.6439772343788862,0
12,7345,13,8,1,0.6172464966724671,0.5950285421390383,1
1,1474,8,7,0,0.09599445658516059,0.5503383572498999,0
7,2961,5,1,0,0.08491754474010882,0.3577977834016266,0
7,3893,3,1,1,0.0621504353569724,0.6532364755202185,0
7,5306,20,6,0,0.8349296464940612,0.2453231661492138,0
1,2169,1,7,0,0.591279566422827,0.6722062650085512,0
1,3803,9,7,0,0.7053007683838797,0.5382701244504541,0
13,3478,13,1,0,0.17362790474906098,0.6368239479026265,0
10,7451,26,7,0,0.3720800855194438,0.1841992966933782,1
1,6583,1,4,1,0.42168119461398723,0.7527260973744124,0
3,2760,12,6,0,0.7158692832171174,0.01129024521199773,0
6,6003,29,2,0,0.8054257025139192,0.23625738589998058,0
10,2007,17,9,0,0.047271303558005906,0.9770825674825319,0
11,2806,24,7,0,0.18848259285168267,0.7250595301898385,0
8,3763,14,1,1,0.879821291077168,0.5997106757087112,0
9,2308,24,8,1,0.2176517213309649,0.3027394758391979,0
1,274,20,9,0,0.8679924135129202,0.39458521096718047,0
13,6948,26,3,0,0.9836152690065183,0.22342548071363033,0
4,7712,3,0,0,0.2799302068738959,0.46993627538293914,0
11,2526,24,9,0,0.5442371355280028,0.5768817069919752,0
11,6033,28,6,1,0.8025008678313486,0.854184470854173,1
10,6472,5,9,0,0.17131992951193153,0.06252753395284327,1
13,6373,22,9,1,0.3968846965702395,0.22243992900114884,1
13,277,23,2,1,0.12375742311546534,0.38457439652970304,0
8,5774,27,4,0,0.0320115717875491,0.5464404270587385,0
7,3577,21,4,0,0.897818662415781,0.38109243307832374,0
7,3213,2,6,1,0.4766785881201555,0.29962144586561623,0
2,2102,12,5,1,0.04588453777077928,0.7882359627033106,0
0,6374,19,6,1,0.6250577767504364,0.1431913845871845,0
7,218,2,0,0,0.5232004355207903,0.9547516915224374,0
14,5819,10,7,1,0.2670882124829539,0.29269552428207046,1
12,6260,19,7,0,0.5863016652144778,0.5866368881005986,1
12,6520,13,3,0,0.42042324774109274,0.02846255733904024,0
11,7110,10,9,1,0.2972501854640939,0.5192296913852402,1
2,631,2,5,1,0.749243364045675,0.010653779682580633,0
11,1643,5,3,1,0.29843972891347337,0.3853174096549402,0
11,7527,18,2,0,0.12528421320839278,0.37576380315503943,0
13,6293,20,0,0,0.6175152230270291,0.8388353007836884,0
5,6595,9,3,1,0.6521892687952857,0.09206104887330002,0
1,3313,27,0,1,0.12765533905597837,0.08840505002924148,0
7,5805,18,2,0,0.9960192382167016,0.659459388800912,0
9,2600,18,9,0,0.6233477493564472,0.40673117794789415,0
12,6129,10,5,0,0.9648500405936152,0.634495473083672,1
0,6893,13,5,1,0.7784389825300945,0.9865591407857804,0
13,4064,16,8,0,0.8225398981772862,0.2507145906168643,1
9,6876,24,0,1,0.56664314568693,0.10179790948242429,0
9,216,14,6,1,0.43992275214499454,0.8230259079037774,0
9,3359,10,2,1,0.7381194638729371,0.49906448705933004,0
3,7169,20,5,0,0.3639950616525226,0.7540751363508849,0
6,754,12,0,1,0.42224616526280145,0.9388869849810269,0
12,5902,23,9,1,0.03663642470472228,0.6956139441329898,1
5,7819,1,4,1,0.708464938993939,0.25237184688019354,0
12,7472,13,8,1,0.12111801558007451,0.4253043376084077,1
5,1370,3,0,1,0.5035243751950056,0.9112097877666581,0
3,1925,2,4,0,0.4719862196948428,0.9307243789672538,0
14,2326,2,1,0,0.6597293143767441,0.10054373735472544,0
5,614,24,3,1,0.20255748758257486,0.5957101609699906,0
10,5157,8,0,1,0.930474023662759,0.6185820577146139,0
10,2840,1,9,0,0.12577556281713942,0.09072112646125818,0
7,6716,2,9,1,0.33707446472761116,0.42346461361066934,0
7,2863,22,7,0,0.7760477739326137,0.08787293520961015,0
13,6037,20,9,0,0.5389145976122885,0.2089719317855252,1
1,1552,29,3,0,0.14737505471890733,0.6222894075779869,0
8,1300,26,5,1,0.1350469543360231,0.9878424566670612,0
9,297,29,7,1,0.29368236105773327,0.9331793139260166,0
12,7577,29,9,1,0.8846413387221391,0.6897527129628296,1
14,704,7,6,1,0.377053772339623,0.06567431479918695,0
9,7476,2,5,1,0.3368964763812339,0.24422661315460492,1
0,5139,4,1,1,0.9305483981592155,0.5282740796304496,0
11,2334,25,7,1,0.0574279157586578,0.9587981835310403,0
7,6452,26,2,0,0.22577671471005256,0.5272365327181359,0
10,597,27,4,1,0.16164559025652991,0.9120267247406073,0
2,7659,27,0,0,0.8332494268992454,0.7687513743293168,0
8,7841,10,2,0,0.8386680110710196,0.9487553657219073,0
5,4289,6,9,0,0.6036077429315448,0.3632228262587168,0
1,5635,21,0,0,0.6877971206199461,0.3312520159940686,0
14,1884,11,5,1,0.21788386904011625,0.12843041548082168,0
0,5331,16,0,0,0.7205520391454984,0.039164320051175316,0
9,7063,29,2,1,0.4377938858488625,0.11833788981899773,0
13,1071,27,5,0,0.9537526783336846,0.7109248206668569,0
8,1257,28,7,0,0.024536944185326814,0.629830134802324,0
0,3042,22,4,0,0.8330789765768698,0.4820646565995653,0
13,3446,13,7,0,0.06795145224976384,0.4533832875815662,1
3,1830,16,4,0,0.9151926470995522,0.15160102600593384,0
3,1279,18,1,1,0.9699788981992983,0.03592238083702892,0
14,3195,28,0,1,0.18997205017498775,0.4875698776403349,0
1,1340,3,2,0,0.5872987113108248,0.047631909814041085,0
6,537,8,7,1,0.017779787896693433,0.5220200032622334,0
14,3231,7,2,0,0.8501348143535079,0.381989975829089,0
7,5503,18,9,0,0.29328833841220936,0.29437076859565203,0
1,836,9,1,1,0.21750551271095064,0.5891595652573914,0
6,4176,6,5,0,0.44218625019569446,0.5758319932250346,0
9,737,29,5,1,0.6813872181964581,0.9221685312836215,0
10,4139,26,3,0,0.8833985393931952,0.09874852271593271,0
14,2654,5,4,0,0.5391942041351502,0.5740114895996716,0
8,7530,15,4,0,0.7369676715767123,0.9398716879397155,0
3,885,14,4,0,0.5975296669883787,0.9394803731496439,0
5,629,21,9,1,0.03483133776922798,0.5944806187225802,0
13,3103,20,6,1,0.8950624029106644,0.7817021503209355,1
6,5029,4,5,0,0.3946034053238401,0.532962146142475,0
1,7117,2,7,0,0.33461088059192967,0.940405840006916,0
5,1924,27,7,1,0.47904046219692276,0.09066626877973327,0
12,5416,10,4,0,0.4600364821884466,0.2724208394563975,0
10,5845,24,2,0,0.6150496793600686,0.2229107581545463,0
9,361,9,6,1,0.4113146528907131,0.7469625091822182,0
4,4058,17,1,1,0.33508444490740874,0.12324517762805376,0
9,2573,24,6,0,0.6684590869451024,0.008295795851963272,0
12,3530,15,1,1,0.49757956574936235,0.0024180104019464466,0
0,5880,23,1,0,0.1477945956156479,0.2530319299645686,0
11,1520,4,3,1,0.6012381876573579,0.8423972331314414,0
5,1655,2,9,1,0.3426536439868487,0.684224185052285,0
7,2133,8,8,0,0.7150619213915098,0.027313603554143695,0
13,1446,7,2,0,0.9124984672412069,0.13086026762721703,0
11,7987,8,3,1,0.2635128415105955,0.24111186346909208,0
10,2891,19,2,1,0.3858847697131206,0.09034179148512445,0
7,1889,2,6,0,0.5832864590079322,0.6432583905988554,0
0,7632,12,5,0,0.021832566301971168,0.7392133087803247,0
8,6710,3,8,1,0.616831517366137,0.4385488484394051,1
3,4601,11,7,0,0.8036853177842335,0.9598928781029783,0
12,2192,14,7,0,0.1398424785906316,0.707605647250568,0
5,1687,29,6,0,0.498943244072265,0.8417196901522657,0
13,3922,16,4,1,0.720587994474154,0.6011931790502374,0
6,1140,11,8,1,0.12773460887822652,0.00910502772481836,0
3,5207,22,9,0,0.4196267505115844,0.23341668386663272,0
6,2489,20,3,1,0.8901785324937056,0.6892508075587497,0
9,3937,2,3,0,0.10863677339692357,0.14785417365692943,0
3,2362,9,6,1,0.8489173387079273,0.5134153688446563,0
1,939,25,1,1,0.4641483680258689,0.9515797779439855,0
13,6911,20,7,1,0.9415829289668189,0.2921643879265321,1
3,4025,19,6,1,0.013033231754807195,0.8254862498935663,0
4,7778,3,8,1,0.8820030298391457,0.8651407880014333,0
4,6987,3,7,1,0.9011555335756469,0.45407768986636354,0
9,7110,13,3,1,0.09937369811810148,0.4991938131086603,0
8,3339,3,8,0,0.4749636629464796,0.20980453770637242,1
14,1314,6,3,1,0.37492049069871936,0.7925001747596326,0
2,6509,25,9,1,0.2629426001040185,0.14934096264872332,0
8,4355,3,1,0,0.6526266512880488,0.302779524007846,0
1,4963,20,2,0,0.35648314393010727,0.5390276541316724,0
1,3866,25,6,1,0.2565682911678503,0.25719603211433795,0
1,4399,12,1,1,0.7870846258763692,0.5389316778817042,0
11,1634,16,9,1,0.9836356391015378,0.02433750038815119,0
7,3725,14,4,0,0.984243097320734,0.8224705492624623,0
6,544,8,8,1,0.939894147176381,0.7739099423731943,0
4,3573,4,0,1,0.26694653778271915,0.3588664935889435,0
10,6328,2,2,1,0.09075241803223622,0.3099408107790208,0
4,3623,12,7,1,0.8131845473137295,0.3476788524795671,0
14,5814,16,6,0,0.38842873327748006,0.24782306729042825,1
11,5179,10,1,0,0.5586050104468646,0.8728024744525639,0
6,6623,15,8,0,0.2196325577751631,0.1688962740657951,0
9,2082,14,5,1,0.5444316630081522,0.38755994926187165,0
5,3070,18,7,0,0.6062281488098031,0.9031305830072659,0
10,3021,19,2,0,0.6828872513131593,0.7915550714785304,0
5,4326,7,8,1,0.8731138945687456,0.11606865216547468,0
4,6265,20,2,1,0.5820893312357255,0.5152499144781525,0
7,7411,12,2,1,0.9970740591903138,0.959702219129583,0
7,5583,13,7,1,0.0387576006160244,0.7586098821597145,0
5,4625,26,2,1,0.45112210507752204,0.6589545771777447,0
9,3691,7,5,1,0.39549061701797694,0.6063868694696384,1
12,1870,7,7,1,0.9991454321272489,0.37110656696767685,0
11,458,12,1,1,0.38743133112109784,0.6870068937445558,0
2,1648,5,6,1,0.29712578113858235,0.20875414528208902,0
4,3466,22,5,1,0.7940004180320095,0.3124258648464875,0
4,4208,15,0,1,0.19637450965337766,0.7552391262774938,0
1,5078,19,6,0,0.3526174504262152,0.25064878411144975,0
8,3633,29,2,1,0.5860045837314344,0.4776706273669835,0
14,7687,21,7,1,0.9893074308699004,0.5559141137460699,1
9,3380,7,1,0,0.1833485547428385,0.897918491574561,0
9,4928,17,0,0,0.42656270199085977,0.2539316477739829,0
3,3021,23,7,0,0.5008034162169401,0.47703357761923293,0
11,369,12,4,1,0.9241516944158281,0.8728771420033041,0
5,5453,5,9,0,0.8434295899508001,0.06766857050676678,0
12,3327,25,9,0,0.6654902651382107,0.4631790516265759,1
5,628,20,1,0,0.08863142079825514,0.5006638788317004,0
4,3798,3,7,1,0.595827857139518,0.29669160228109726,0
7,997,2,8,1,0.22257761576834334,0.5463998657885845,0
14,6466,17,9,0,0.9821796577521726,0.26567819782,1
9,7278,5,5,0,0.14131516127151533,0.027113575651527833,1
6,7569,24,8,1,0.21945618963984215,0.9508999413303098,0
8,6572,13,6,0,0.24579780432004972,0.42011894478118506,1
7,3406,19,0,0,0.33552763804380115,0.5399492910522016,0
0,2971,5,2,0,0.6226188377534997,0.509959092308973,0
10,6764,4,1,0,0.11019442021807868,0.2612168234451747,0
2,3719,21,2,1,0.9919984446902192,0.37925463089437006,0
5,6608,13,2,0,0.7554688088664415,0.023651114532556528,0
3,356,9,0,1,0.9994464053135578,0.4545293930023965,0
12,706,15,4,1,0.6932591668027994,0.11648817536719258,0
5,4268,18,2,1,0.23039851708707038,0.2910535764574742,0
4,4029,12,6,1,0.6996258444095749,0.348148701134116,0
1,2902,13,3,0,0.4327818699957918,0.6904553447167835,0
8,7302,23,9,0,0.17523012510616487,0.7602217530607495,1
12,2859,14,4,1,0.17042570180365169,0.8186973666250514,0
1,3112,14,2,1,0.3897433031389913,0.627701096737661,0
9,5003,1,2,0,0.5061284093923434,0.891063828482412,0
14,3957,26,8,1,0.3050550735994767,0.7882799921012076,1
7,889,14,6,1,0.2582512287988159,0.024311902424225873,0
11,4702,6,5,0,0.16835065252734316,0.7809637782575152,1
14,4634,7,3,1,0.367808770791594,0.30974577124007074,0
7,848,5,5,1,0.039214026327572093,0.8959283410114706,0
5,628,13,2,0,0.4317786184625193,0.9568222282599865,0
6,6886,10,7,0,0.9629546018385521,0.7472729061913135,0
13,7544,18,6,0,0.337835007585364,0.41417089879574487,1
13,5126,22,6,1,0.6862130366891749,0.7176866400911773,1
3,1601,1,4,0,0.4913992163967642,0.16405000385073998,0
9,1846,6,5,0,0.2936124916961145,0.6032232567478242,0
11,4257,20,7,0,0.24836217855018883,0.24886996885774326,1
4,1487,19,8,1,0.8876946570830709,0.5089995711624944,0
2,518,8,0,0,0.7205501401749087,0.528076466312852,0
6,4857,13,3,1,0.2626061071583512,0.9573247871926995,0
7,6921,29,4,1,0.5401422700853913,0.5411962515254533,0
6,2901,1,3,1,0.992459534331757,0.8085184105290751,0
3,7319,23,7,1,0.03450243182091761,0.06096060439716522,0
6,6537,29,0,0,0.3236607942416311,0.03553576288827487,0
7,2601,5,7,0,0.05925525436233703,0.03494425609719931,0
9,2345,29,2,0,0.4837952311962118,0.2686924483164308,0
1,7686,21,3,1,0.9656822779520117,0.28954971687149844,0
7,7523,29,0,1,0.4139415278870655,0.13654155803879853,0
5,6384,23,6,0,0.10171967406735472,0.2840080699574071,0
11,4083,29,7,0,0.8470540525314796,0.4368082237848486,1
2,4562,17,8,0,0.7219743613193766,0.7321539498859648,0
13,2029,3,4,0,0.45666147276049773,0.6698061574578195,0
12,6141,5,0,1,0.6090872766578358,0.668476897891243,0
0,6821,21,4,1,0.681879371511536,0.08161594919117587,0
6,5117,6,9,0,0.02049894417943987,0.6481702630349188,0
14,2768,2,5,1,0.005874926647720824,0.7177182739537313,0
4,584,19,6,1,0.8180404511266877,0.5405669885371573,0
5,7357,13,6,1,0.9183639814401338,0.7861262728456145,0
10,2399,29,2,1,0.8109659876588564,0.8763023669851728,0
1,5357,18,2,0,0.37946566307657326,0.07392543142423158,0
12,286,2,5,1,0.23182866100092503,0.5145073664556021,0
14,5883,7,1,1,0.7587058765355983,0.7892948510945431,0
13,3664,8,6,1,0.5012145388458464,0.9998385719647742,1
11,4905,17,7,0,0.7529947163066011,0.5048366168776541,1
1,6241,20,9,1,0.8102038533875312,0.18866116586798476,0
10,2451,22,8,0,0.9024057275972743,0.6046344448891587,0
7,7348,3,5,0,0.8400100188166756,0.3775147864067433,0
7,1502,12,9,0,0.16082940643678278,0.14236620780526588,0
7,1553,23,7,1,0.35557408949622826,0.9756768413800483,0
14,211,13,6,0,0.10892837752354134,0.4403798932981192,0
11,3407,13,3,1,0.737200577774065,0.8594006860180834,0
2,1888,22,4,0,0.8910865088753068,0.8582733238321175,0
0,4208,6,3,1,0.5362947893087238,0.38402229268923893,0
6,3481,4,3,0,0.86281287052296,0.31956568103253524,0
2,7775,8,9,1,0.9120068625055335,0.04389540688794624,0
5,4179,17,6,1,0.36772168154265616,0.5867034904705136,0
14,5404,3,2,1,0.986842600363557,0.48339172614020764,0
13,3744,9,1,1,0.5553623874190977,0.9892424415995427,0
2,6569,20,5,0,0.717539436205079,0.6922386813644096,0
6,6366,24,0,1,0.5244966947718497,0.7459529848614647,0
9,2414,22,0,1,0.3021231931577555,0.2118066683844867,0
0,7315,1,4,1,0.7873029168180116,0.9893712492706336,0
8,2452,27,4,1,0.798365227514838,0.9629582303943418,0
3,3787,22,8,1,0.9339457072039347,0.06788094207621498,0
1,2731,24,2,1,0.10371008471389587,0.009343193832723862,0
13,1183,5,9,0,0.6653323088188172,0.40501757742078115,0
0,1773,12,7,0,0.6536663879631353,0.3575275009263357,0
1,4384,6,1,0,0.31742001252659646,0.839478232918772,0
10,4122,10,6,1,0.14104720863615272,0.9640923194675167,1
2,284,17,5,0,0.47484096692633004,0.12344913466322749,0
9,3244,4,2,0,0.2606306638046041,0.08257264840974854,0
3,6443,28,8,0,0.828915961497887,0.22618195006904873,0
2,2729,20,7,0,0.04740649756508597,0.7057750197455898,0
1,425,17,2,0,0.9721585078980414,0.5237313989785135,0
3,6628,27,8,1,0.5188279186684271,0.013906977189751868,0
8,5425,4,4,0,0.044150519612587424,0.34340973889456883,0
4,4345,15,8,1,0.7713117291075355,0.7858268701184236,0
11,2080,10,1,0,0.687897691947094,0.0632749246934966,0
4,1393,26,0,1,0.034603974759520595,0.5247490219436963,0
3,6258,23,8,1,0.8621435762038573,0.6240263088801961,0
8,3218,1,0,1,0.7825077617683753,0.649332381680501,0
11,2205,16,8,0,0.8611118135768356,0.5659523244148114,0
3,6363,27,6,0,0.7913709052576441,0.957928268550513,0
2,6348,1,7,0,0.8465826463550019,0.8199731146117557,0
0,2211,22,6,1,0.708579864074334,0.6482402049373415,0
10,3989,17,9,1,0.3839572808305376,0.12842765997489392,1
9,3099,9,0,1,0.8879894104092785,0.47279091727500366,0
7,592,28,7,0,0.8329646311640456,0.6429009011597755,0
12,7408,19,0,0,0.44524911516893095,0.49335695397503987,0
11,2648,28,6,1,0.4316091329160454,0.7741706218650052,0
13,2223,4,8,1,0.8364958078013477,0.09866197268979993,0
11,2722,3,5,1,0.30638654875351856,0.6488978570003876,0
11,3253,4,6,0,0.6606269427923465,0.18264448465549565,1
6,7742,11,7,0,0.8895412119014798,0.4854882842061068,0
12,7830,3,3,0,0.51544252033664,0.03373835258766589,0
11,7729,9,8,1,0.9445396103187454,0.3599015523072179,1
4,2279,18,5,0,0.9635770877373151,0.9592264146344228,0
10,6705,23,1,1,0.5628253690482401,0.767730928113803,0
2,225,24,5,0,0.07789989003788511,0.00672013748147704,0
12,6953,29,0,1,0.31873791381573513,0.7953078146210815,0
9,4160,21,4,1,0.3019475889494774,0.7022691460158357,0
0,4459,9,1,0,0.07884746591113068,0.6047602180775434,0
11,1468,28,1,1,0.24147193508334097,0.5413997235727975,0
6,5653,7,1,1,0.5338445714371552,0.7424405968644021,0
0,7638,18,2,0,0.32057413660099565,0.43439342777779255,0
2,248,13,4,1,0.6918914344078372,0.4717596654883621,0
10,6471,12,5,1,0.7533862562168903,0.7984414583163062,1
6,4122,4,6,0,0.1338254463876175,0.6373673722917634,0
2,654,20,4,1,0.7523561979499125,0.9255726421286316,0
10,7342,10,2,1,0.4583446699588193,0.16633691797300632,0
2,859,24,9,1,0.263239920521279,0.3992990837423175,0
2,2476,23,5,1,0.7468350811578729,0.8767011294557353,0
8,3297,24,3,0,0.052103040945185475,0.15614877428526464,0
5,7759,1,8,0,0.429977242469366,0.14242530421004618,0
2,6046,2,9,1,0.9483390826052324,0.5403209075239072,0
6,5099,9,7,1,0.2896808471091109,0.42936649005042504,0
2,7723,23,7,0,0.5595751294117711,0.8149830737672703,0
0,3302,21,2,0,0.0516298575072035,0.42227803763497385,0
8,4116,6,5,0,0.17851142917740082,0.43123733952069376,1
10,7386,13,7,0,0.33678376435581814,0.28793156534465414,1
9,1004,27,2,0,0.41456746226588803,0.9413795207092176,0
12,7470,10,4,1,0.8101149016130653,0.031218730820904428,0
14,2700,22,6,0,0.039195986390938464,0.7426989499532877,0
2,1044,4,4,1,0.5860781599367534,0.952534265740456,0
7,1643,16,6,0,0.5997205155851786,0.4305117022974826,0
11,7049,7,4,0,0.8162908589015619,0.9038065669997769,0
10,5452,13,7,0,0.7958820308030118,0.4932685903536367,1
9,787,20,6,0,0.07275250894296637,0.6451687662512893,0
11,2229,12,2,0,0.3434300107227405,0.8243024431053606,0
0,2813,23,4,0,0.06779214637742836,0.3084994846152458,0
4,5448,20,7,0,0.12002643401103508,0.7444409411443281,0
6,2193,19,7,0,0.5510801491224725,0.8606917713309468,0
12,2463,28,4,1,0.8606534069091932,0.7337092766959533,0
8,3664,9,2,1,0.6983713435511707,0.48015913514381336,0
1,2978,21,2,1,0.6297575989830856,0.541338947878272,0
1,1753,6,9,1,0.7631269165029366,0.19221666473373245,0
12,2654,26,8,1,0.9751011908125635,0.15717297333728886,0
13,6208,23,2,0,0.4974560413028284,0.060039279827853176,0
0,5152,25,2,0,0.8951214728244677,0.8713585113056329,0
8,3414,25,2,0,0.49711393540028004,0.5023621840953231,0
12,1073,27,3,1,0.20286943879378716,0.5170610873637855,0
1,4166,13,1,0,0.39449525777986005,0.47819249616192505,0
13,1947,8,0,0,0.08570190436857184,0.18864706771416406,0
11,1914,2,1,1,0.12882202367753492,0.6450266188890127,0
14,1731,27,4,1,0.7937196773598632,0.28520488508274866,0
14,5496,13,5,0,0.5957457664594187,0.182201296863864,1
11,2166,5,8,1,0.4250284822938766,0.906680517285418,0
13,999,1,4,0,0.28318885152861595,0.4362531227598321,0
14,3623,13,8,1,0.37528540318745973,0.5891382815738099,1
1,2923,18,7,1,0.9609486160056145,0.77624334096478,0
11,3852,17,4,1,0.09081612277116635,0.8016536251877622,0
5,758,25,1,0,0.7894778376257582,0.42866716152467543,0
4,1452,12,7,0,0.9901647651552032,0.9261638244683184,0
12,3887,28,4,1,0.9617863546655347,0.7293520056309839,0
6,1407,25,2,0,0.2301892179420234,0.6302054871532883,0
1,6663,12,6,0,0.8426079585231868,0.5738870013946649,0
13,1813,13,4,0,0.40072111482155803,0.12347973613688612,0
11,6764,15,0,1,0.3534354238090145,0.20311773048421677,0
4,4896,11,9,0,0.1386785856587609,0.21241582263510783,0
1,6219,11,8,0,0.75519409753889,0.8912094228346671,0
7,3874,4,9,0,0.7243643847049294,0.07313895573773,0
10,503,19,4,1,0.8985686486247788,0.7309595875908874,0
11,2866,8,0,1,0.12512186304000272,0.05504926161802581,0
2,3764,29,5,1,0.9492308278892837,0.6178200288803236,0
7,7072,24,2,0,0.16827067048054867,0.6539741740184446,0
1,1071,26,0,0,0.1848744110502144,0.38654888306896407,0
0,1517,20,4,1,0.5866396023097648,0.1863260123632644,0
5,2751,23,8,1,0.7524391639922261,0.7583591741341907,0
6,2234,15,4,0,0.1435989819085317,0.711634737424113,0
7,3302,29,6,0,0.06338315041746057,0.23780821230889626,0
8,440,8,9,0,0.29817111210096114,0.5648882757583332,0
0,3081,12,3,0,0.7517923684421023,0.09645475611472043,0
5,949,7,1,1,0.3620006992216913,0.5691776663022403,0
5,5374,28,8,0,0.5780853345930925,0.7441078513057316,0
0,444,12,5,1,0.07270791878121041,0.4909273972429872,0
5,2052,7,2,0,0.2725082643998178,0.37058773500480613,0
6,1071,19,9,0,0.33501765653839677,0.36731092709286783,0
2,3530,27,2,1,0.005025612694027126,0.26463422909621126,0
2,4736,28,7,1,0.2506146861463181,0.6318737056722216,0
12,1001,28,1,1,0.6799302489706484,0.6389905754281409,0
3,5852,15,2,0,0.14328792443696148,0.617723234246352,0
10,3179,17,2,0,0.21455258414145206,0.09526203100160036,0
1,7338,21,6,0,0.176721593924688,0.32010339924344244,0
9,5122,12,2,0,0.4965965301321109,0.9396562294308269,0
12,7271,12,8,0,0.23253041146277909,0.21457666871044323,1
7,1840,5,7,1,0.5930136254661434,0.8032016620523669,0
12,6171,4,7,1,0.08072132519044517,0.3127365447871562,1
7,1104,24,0,1,0.7333164036778602,0.0924923276410603,0
0,306,25,3,0,0.9560991803259187,0.1384987702802274,0
12,5144,25,8,1,0.6455760830491648,0.5710169809841509,1
3,4993,13,5,0,0.6263323267681802,0.01015961837575552,0
14,4523,15,0,1,0.6194598858704572,0.3150425283749627,0
10,7739,22,4,0,0.09827025982225324,0.09579088168001282,0
5,3097,25,1,0,0.6831170386933272,0.43268916544386504,0
13,2167,14,7,1,0.9973645754676086,0.7712548367926193,0
1,254,24,4,0,0.4063331424545934,0.11619817621605644,0
14,6594,29,2,0,0.6864918816640355,0.5159672301377234,0
8,3003,26,5,1,0.7807340756645552,0.08716610855927232,1
10,1459,27,2,0,0.18452132714995484,0.3610319591346607,0
11,514,14,3,1,0.05959535231302515,0.7664692274311572,0
1,5495,19,7,0,0.3568965399129259,0.8459716181609727,0
14,5770,27,6,1,0.7330240667317267,0.1494933740993356,1
0,1267,24,7,1,0.054131825238727616,0.3235946022344397,0
8,492,26,8,0,0.9968831203894416,0.2594648995421609,0
1,6026,24,4,1,0.643118382323903,0.9867830038571628,0
12,6026,29,8,1,0.8988804413569065,0.9782105516490509,1
9,2757,22,8,0,0.3571148882866827,0.8991805372446051,0
3,205,16,3,0,0.5224557485390945,0.24680212119339795,0
6,7639,11,3,1,0.04683026367327148,0.6586974697310001,0
10,6865,20,3,0,0.3006583559827499,0.622876583002087,0
9,346,10,4,1,0.7657863112206957,0.3391587691005342,0
0,782,19,3,0,0.0020742065661779607,0.20425669939171487,0
8,2490,8,9,1,0.21691832342580541,0.7257390058474616,0
5,1208,29,5,1,0.2694733167771526,0.2636862468508967,0
0,6223,7,2,1,0.190669535621511,0.6795323335480934,0
10,1435,29,1,1,0.07001175323183662,0.23380708366231617,0
3,6541,12,1,0,0.16749462837607287,0.23644420880034345,0
7,4177,23,3,1,0.6067337360000143,0.3584112980775711,0
6,310,16,2,0,0.32507275303464367,0.5410788868048986,0
7,5792,8,2,0,0.11343076573734201,0.9788735449507002,0
6,4220,16,3,0,0.6220827130786251,0.6834714930787166,0
4,929,9,7,0,0.8713219058838558,0.6858266298144147,0
11,2097,1,7,0,0.121498231117112,0.7354666394813294,0
4,3493,10,5,1,0.3070895400351158,0.23850178120825472,0
6,7922,12,5,1,0.8492315550180632,0.9991836566120658,0
13,254,24,1,1,0.9434840493572929,0.18636930417073738,0
9,3565,3,8,1,0.30290947193234585,0.4329348804005704,1
5,5775,12,9,0,0.822480118619587,0.7091795257099281,0
4,5691,29,6,1,0.1186274804422317,0.7119343737368863,0
4,2725,19,7,1,0.6831145793225263,0.5655245408039099,0
9,930,23,3,0,0.30348800465549464,0.3774626191593474,0
11,5335,1,6,0,0.9343719011540154,0.40725811375779664,1
0,7884,27,0,0,0.9746033370106552,0.4398010357908896,0
4,7663,29,6,0,0.7780484144996489,0.7458120388156151,0
12,4566,11,5,1,0.8165097592816659,0.7618805831289519,1
1,7300,14,5,0,0.7188898540696967,0.5760877578509929,0
1,4086,8,1,0,0.5386485623099914,0.806676428956087,0
5,5660,17,3,1,0.13773273489763949,0.7114792752619866,0
9,1977,25,7,1,0.8301261134030428,0.6074782145464018,0
11,7260,2,5,1,0.2037025334483752,0.9332216692499128,1
9,5324,11,8,0,0.4972940492350927,0.23911443078592776,1
10,2174,5,8,0,0.14167386124248427,0.6303183898839105,0
7,497,17,6,0,0.24481935121550846,0.8807991322168521,0
0,5488,10,2,0,0.6458896712881582,0.06774991725673363,0
5,4850,20,0,0,0.7599511324072439,0.3073332929848397,0
7,3091,15,9,0,0.6303692097886846,0.24517705227941855,0
5,3278,18,9,0,0.6318937347542524,0.9712302636453173,0
14,258,13,8,1,0.7905885868967611,0.4860017415767146,0
13,2883,12,0,1,0.502989900613949,0.2870124981244446,0
5,3863,8,7,1,0.8869401497671544,0.5757703945882642,0
0,7915,17,3,1,0.21116578644709227,0.7761470506617777,0
6,3341,3,8,0,0.24656255655640125,0.6647171215084581,0
4,6083,1,9,1,0.3198882746394658,0.5537959744194603,0
6,2086,18,8,1,0.7005496964332812,0.06955070090035043,0
4,6306,10,5,1,0.3005414195309255,0.5216702869260186,0
13,3726,21,6,1,0.3502653369586909,0.7046078155212674,1
1,6929,12,9,1,0.5352807351446743,0.02734924487934809,0
5,6627,11,5,0,0.4142628282237487,0.61635076543241,0
6,533,12,4,1,0.8806871280030195,0.04848978823816075,0
7,3680,7,9,0,0.16367803127801694,0.3944117049377046,0
2,2600,19,9,1,0.5195019329627422,0.8380537398591272,0
5,7531,20,9,1,0.4097736094543093,0.8857319744523244,0
11,3897,1,5,0,0.47877823933565444,0.15334262763983753,1
4,5534,5,9,0,0.46937408778225964,0.18048105889472632,0
6,2696,20,1,1,0.45045973744730394,0.3219549133609071,0
14,7307,9,3,1,0.12373894673108465,0.9878021564152364,0
8,2966,24,6,0,0.801437952281825,0.8029931934928188,0
5,6688,6,7,0,0.8195679181155557,0.9285088518428416,0
0,1039,18,0,0,0.6949326081130012,0.6461278681493092,0
1,6267,19,1,1,0.24417538394239147,0.912485693525333,0
0,5717,14,0,1,0.1865244097062444,0.4670701263377802,0
4,4858,3,1,0,0.18373220930738532,0.03389517406138487,0
2,5115,3,8,1,0.4671805752312944,0.8320025120087791,0
6,1633,25,9,0,0.39683101980404334,0.73855882177515,0
5,6358,13,0,1,0.38831358181163034,0.13771998248017436,0
7,938,14,3,1,0.49624975161538876,0.6195768880519954,0
3,969,12,5,1,0.5943585390028474,0.6015726728412252,0
11,6381,24,3,1,0.3958121936998681,0.28673139081290144,0
11,1744,4,4,1,0.9644906268248415,0.99355007125219,0
11,6305,1,2,0,0.39624207983950643,0.8970500720574757,0
7,6113,28,5,0,0.16360135369457662,0.13345634740877033,0
12,5033,2,2,1,0.4844221271714102,0.022092976846475487,0
13,3813,16,9,1,0.714466615186435,0.3832378042667328,1
12,4135,3,7,1,0.2485064417875359,0.38670759648868824,1
8,813,4,9,1,0.24922375785460382,0.7596952552034191,0
2,3591,24,5,1,0.5748765205206268,0.590073663308722,0
3,2045,10,3,0,0.5907344825007733,0.7974837349517735,0
8,6015,26,7,0,0.9283421063414399,0.44739015160546547,1
9,476,20,1,0,0.93838619691052,0.9323707015243152,0
13,7094,9,4,0,0.15564869872378118,0.4583039865104529,0
7,4565,6,7,1,0.12292245198981133,0.07333167185446887,0
1,217,18,2,0,0.3510157456208385,0.8000379338518129,0
7,7805,3,1,0,0.07622109970417457,0.5282922664522312,0
8,7901,1,5,0,0.3594298221688065,0.23408261332683256,1
4,6451,12,0,1,0.3694675297719583,0.6433952643066302,0
13,1043,8,8,1,0.8562089010361502,0.4237394828170781,0
11,2232,14,2,1,0.2963175706927622,0.5889959007950024,0
2,3402,20,7,0,0.1617639247035948,0.20073979560071953,0
10,7343,6,7,1,0.7719933441651075,0.179476326396672,1
14,5508,4,1,0,0.7418871256764983,0.2696144830168088,0
1,4243,11,9,0,0.748715842376894,0.053196003138193615,0
7,3136,24,3,0,0.2963625913342005,0.6985444622810077,0
1,6464,16,1,0,0.3981733300394301,0.9648502322419975,0
13,2154,6,3,1,0.3490363078540305,0.2999857472288966,0
3,2720,15,2,0,0.15058477554850802,0.3333543290987847,0
4,1259,14,9,1,0.14346773316019346,0.1970976659733591,0
5,3963,8,6,0,0.4925745496765994,0.7937138507446982,0
0,4869,28,8,1,0.9784189934334958,0.12909287614924736,0
1,6263,28,0,1,0.8928078889391546,0.9023533739987111,0
6,609,27,7,1,0.7666380583716369,0.6843767853239723,0
10,5611,1,5,1,0.4352304989505613,0.2625748355846804,1
4,5955,22,7,1,0.791683230999986,0.273092213071366,0
14,5061,12,5,1,0.3336900957790986,0.8939479009132526,1
6,289,1,5,1,0.3909811456564025,0.7943672748644397,0
0,7402,4,4,0,0.9510679022938466,0.5808801847506071,0
3,2039,22,4,1,0.9358989842178171,0.482126927694275,0
2,5471,23,4,1,0.32878536877238473,0.4463554660781359,0
10,1015,28,3,0,0.30324767968204713,0.0653139267723215,0
6,5851,27,5,0,0.6485348863767593,0.9418221660186742,0
12,5388,11,6,0,0.038215017585277344,0.8417168017774749,1
1,5804,19,9,0,0.8640538065730421,0.7747582880180516,0
3,7318,29,0,1,0.32770349955041866,0.48312646257041714,0
13,828,9,2,1,0.9905104196515347,0.5520628218292984,0
13,1466,22,4,1,0.17493725015535821,0.4507976632544962,0
2,7979,27,0,0,0.6741206969705352,0.5183785461415724,0
3,1203,8,8,0,0.7577972431778834,0.7418392596266182,0
4,1307,25,6,0,0.8926746513474193,0.08490449418965573,0
5,5691,1,4,0,0.5163418044010295,0.03835967028635001,0
7,7830,12,9,1,0.5173754491544048,0.49223689866739073,0
3,5145,18,8,1,0.8242274867077836,0.4044775243123552,0
14,6481,20,8,1,0.57321221766764,0.7480953232640363,1
9,7846,29,6,0,0.5017966570727584,0.5142949854074462,1
2,3268,11,3,1,0.6226235344114498,0.01021284381052101,0
9,4169,24,4,0,0.9856121941948803,0.5145556867792488,0
9,6908,20,3,0,0.6404213807932057,0.5488204558423265,0
6,6541,10,4,1,0.5394985624270356,0.9557049086863693,0
5,796,6,8,0,0.8795074757178809,0.8768529012951565,0
2,7970,23,6,0,0.6220510437617727,0.47962603595923947,0
1,7753,5,6,0,0.7365947471614585,0.06260778198254158,0
10,2184,1,4,1,0.8167445109371917,0.43895090213841004,0
14,6671,7,3,0,0.15410088930053245,0.12023306166026171,0
13,4265,21,3,0,0.511448740575777,0.8459329163855138,0
7,7879,25,6,1,0.013016091911592365,0.7953960537485026,0
8,4507,23,3,0,0.418633520068064,0.6625815451266898,0
0,7951,24,3,0,0.8635549563845332,0.3250548053631306,0
11,3629,2,3,0,0.8517758487189593,0.37886663979004764,0
7,5796,19,6,1,0.6799523210872028,0.6202188757371159,0
14,2088,4,6,1,0.06429945491208366,0.09199826556058543,0
8,6036,29,2,0,0.6762420302667417,0.016335697860928255,0
4,5412,27,4,1,0.7973440571284414,0.12250944644371886,0
0,5545,3,5,0,0.9530749098692715,0.6849564850338038,0
1,7156,2,5,0,0.797503957843339,0.7822307237086538,0
6,3153,9,6,1,0.5836406498102018,0.4778675708763376,0
9,3430,22,3,1,0.5510808326772046,0.8199863112540496,0
13,727,18,6,0,0.8650618946971996,0.5468098214997634,0
4,5865,7,8,0,0.007174835643853239,0.8409207635352534,0
9,3319,8,2,1,0.1100122770314994,0.3313382263217326,0
7,6894,16,6,0,0.050163883307560386,0.6701624109483273,0
5,4764,10,5,1,0.7680377603441457,0.24965485954528033,0
14,5597,19,0,0,0.36044978796758675,0.10152660442679728,0
10,6283,20,4,1,0.4162494029430476,0.6928032889479931,0
7,1559,27,0,0,0.28725395675026355,0.45647527384221465,0
13,1687,10,5,0,0.933554164510251,0.07024536760086175,0
13,3354,1,6,1,0.581749185363859,0.2672117110811256,1
13,4420,16,6,0,0.26636747063773236,0.9765544148984255,1
2,3864,4,1,0,0.17724924627172112,0.5171616472405002,0
8,6567,3,2,0,0.8415361636998444,0.8336833133927173,0
13,2691,5,0,0,0.3563067407984186,0.49650635713174784,0
8,7830,28,2,0,0.7599371689402123,0.7706604931529636,0
7,6702,12,5,0,0.7690486027737644,0.4197503263515385,0
5,487,23,4,0,0.22890031471231476,0.02025871322771633,0
12,5830,3,3,1,0.9118229270376159,0.7536472378847063,0
7,2192,8,8,1,0.9645294166437903,0.16060951658031397,0
5,5162,25,8,1,0.6345018236249739,0.3662952505034105,0
6,4214,4,1,0,0.49381422471081804,0.4994277947109296,0
6,3384,17,2,0,0.769153225178187,0.2358022587489459,0
9,6435,6,0,1,0.6455682448215766,0.6399862671255793,0
8,7296,19,7,1,0.882559502771004,0.06219067446727555,1
3,6299,21,9,0,0.3850845989510846,0.511009298719696,0
13,3264,28,2,0,0.24888005752333764,0.6057706742988546,0
5,493,7,1,0,0.5636992995801836,0.4135292370701106,0
4,288,5,3,1,0.33971442531394624,0.31759008577445647,0
10,6009,3,6,0,0.085327428406475,0.5634914154063978,1
4,7800,6,6,1,0.645568042801221,0.5222901799221251,0
9,589,18,0,0,0.42926149641416256,0.3107694033011186,0
10,7484,26,4,1,0.07409549997240605,0.5623039372464375,0
9,4215,29,1,0,0.6094967288719586,0.43870029682738065,0
11,6751,15,7,0,0.26715869760518984,0.6538689994393952,1
1,1410,22,0,1,0.5971072489664903,0.3355883051014461,0
3,853,26,7,1,0.8796491766842065,0.8709162444073889,0
0,4943,1,8,0,0.803784574216971,0.40838404050619515,0
9,643,6,1,1,0.4181366032639431,0.6606421234384735,0
6,568,6,6,0,0.22535007423820186,0.5940060833918422,0
5,5688,5,5,0,0.06492926986997694,0.9517105630017847,0
2,3648,15,5,1,0.16142981755097618,0.663719184099489,0
0,1099,22,8,0,0.03476310956730111,0.2709337954962908,0
7,5159,19,1,1,0.1371680370385232,0.39206113464844805,0
14,1910,14,6,1,0.14509681696148835,0.7296122427165371,0
3,5000,27,1,0,0.5004738970246304,0.2581303980949383,0
1,2585,3,0,0,0.6461530417448773,0.35882217702690156,0
2,6022,22,0,0,0.6833727273539182,0.8754698922940386,0
1,2093,8,6,0,0.25891537786218743,0.2841862029149128,0
11,3633,14,9,1,0.210193515613034,0.09220920213097483,1
0,1014,3,4,0,0.11072578641042918,0.303623556683732,0
5,6600,24,3,1,0.9193346463830636,0.6496246950975109,0
6,5660,3,9,1,0.8875355822199512,0.11780984179644494,0
2,5638,13,6,1,0.8532334807221904,0.7820981943256122,0
6,3193,19,8,1,0.17097491301528467,0.9148818257491406,0
9,5353,25,9,0,0.40572444586019096,0.14968856848544387,1
5,1240,2,3,0,0.39066983894107676,0.47435151315789015,0
11,6720,12,6,1,0.6302359999866765,0.875691667480194,1
4,5508,28,4,0,0.1874497214576497,0.571186885698434,0
9,1777,28,3,0,0.7814825165653043,0.38969222746748255,0
13,3527,4,3,0,0.7939596453416894,0.13034875952609792,0
4,2225,15,7,0,0.7269939925314706,0.6152751640334972,0
12,2550,2,0,1,0.6861977588832134,0.15483788533835596,0
4,2771,1,5,0,0.4857465388524488,0.5800135520425859,0
14,3529,19,1,1,0.48364209948929304,0.9787145883056287,0
6,654,5,4,0,0.947039221200467,0.9959801532083294,0
0,325,27,8,0,0.1238742787206355,0.36213922809343957,0
1,928,2,7,0,0.2975226356861066,0.15874922585257412,0
14,1736,27,0,1,0.8819063313532514,0.8282998102389437,0
0,5028,27,6,1,0.4281642882347041,0.7680166486245729,0
0,5516,15,9,1,0.2624083036431527,0.26160499918588564,0
7,947,10,9,1,0.44749476227211593,0.6874693316418717,0
9,3448,17,4,1,0.6328113414874472,0.6733976947034562,0
12,1576,5,0,0,0.42757719059762256,0.15908266295725082,0
3,609,6,8,0,0.37587755265318534,0.17613146347408393,0
2,4295,20,6,1,0.3505670116628641,0.49177281160774045,0
3,5204,22,2,1,0.9835568920282696,0.6044116120412506,0
6,4389,18,2,1,0.47002868955745125,0.6270831106847446,0
9,3235,3,6,0,0.2601124698122227,0.22376378372032912,1
6,817,28,0,0,0.8088639298819089,0.0563205539225603,0
10,2116,25,5,0,0.48456682120859507,0.7272442303291062,0
2,6728,24,4,1,0.41627460042603615,0.7352816253668351,0
2,6540,14,9,0,0.6121188884124782,0.5596046481973639,0
0,5836,22,5,1,0.8695034200419037,0.8140818156505707,0
7,724,7,9,1,0.22845450659717836,0.1144931056984213,0
12,3806,17,3,0,0.20034258009003791,0.363350863246657,0
1,7327,20,1,1,0.8795993007662585,0.8059583768501692,0
14,3913,15,9,0,0.7418108054666708,0.04940898470291999,1
8,7169,11,6,0,0.7364369395310829,0.7866185299141639,1
3,2159,29,2,0,0.48444622682439986,0.90456407426486,0
0,5210,7,1,1,0.10807953458126052,0.18636270290294132,0
0,4691,12,2,0,0.05048902078220541,0.42781291887486617,0
8,3111,6,9,0,0.2023761200399724,0.7349224023272218,1
3,1181,19,1,0,0.3444295493830608,0.8693763389166644,0
5,6866,20,1,0,0.2853058072040324,0.6956923760396294,0
11,4200,28,9,1,0.4536297984463066,0.7193482710902876,1
6,6354,12,4,1,0.05420956164213775,0.718967358944626,0
7,1632,29,2,0,0.039279402240915307,0.7147980704410958,0
12,204,23,9,1,0.8822067253379479,0.4467967999096457,0
11,3712,17,8,0,0.8850697716420333,0.27227263544322833,1
1,258,17,8,1,0.9748375228925251,0.337804870914992,0
3,6101,10,8,0,0.17114618422049,0.4502453611409454,0
3,6268,26,8,0,0.278395720180866,0.3878264347556649,0
5,7061,19,5,1,0.30410112128512023,0.84558199770628,0
4,1541,1,6,1,0.7844165768669642,0.42598422224727794,0
12,1463,7,9,0,0.002092441501107878,0.16922529341423054,0
7,5100,5,1,1,0.3630606075863463,0.7237563705970387,0
12,3878,15,2,0,0.8377216053628262,0.3371351317255675,0
14,2409,21,2,0,0.4340914815315843,0.2515495982275171,0
7,7619,5,2,1,0.16114855008786144,0.6492733696204245,0
4,1443,9,3,0,0.7460363273882783,0.6718419952929416,0
12,963,21,4,1,0.9837193103570847,0.468200710808894,0
5,6827,15,9,1,0.09754019412563664,0.09783618721456788,0
1,6726,2,5,1,0.40141594287784355,0.24876862764946683,0
3,5561,1,1,0,0.20999594239606634,0.2179567614172273,0
2,6243,9,2,0,0.008400105483762799,0.4786939136311701,0
9,4821,6,1,0,0.5384563419688632,0.03471312888613587,0
8,1792,23,0,1,0.6168651698302884,0.2531292943147365,0
3,7774,13,1,1,0.48898644819523884,0.9340328206385704,0
4,479,7,5,1,0.5087120096943067,0.26933093011400067,0
4,4688,23,1,0,0.8522856836082463,0.9516466530568836,0
9,7178,1,6,0,0.27980998050666084,0.9681438367252436,1
1,3520,11,1,1,0.5052754235409666,0.414194566754427,0
6,2324,14,8,0,0.8650993943782055,0.5779655083335608,0
8,1836,25,2,1,0.18173451616207037,0.5860384970184341,0
5,6619,27,9,0,0.7745206290425114,0.4619842219117293,0
9,4721,11,0,1,0.58645510530023,0.6080424602565345,0
3,1741,14,9,1,0.5105799710141532,0.34454466394327765,0
6,2223,7,4,0,0.6374744331190682,0.456745017794253,0
0,3801,12,8,1,0.4798075517968433,0.28764232271300705,0
1,4837,17,3,0,0.11634343834588234,0.47305868431400244,0
3,6089,8,0,0,0.7023280679164017,0.26038613458112225,0
0,1082,23,8,0,0.7486515288308019,0.18108705076810827,0
6,2748,28,4,0,0.11997888430956194,0.05620061760151729,0
7,6051,13,1,1,0.2679686242365341,0.22610831092935557,0
4,4668,9,4,0,0.7083735276024736,0.39813584496159105,0
13,7265,22,8,1,0.9220065380781095,0.853052997557105,1
8,2874,13,5,0,0.35542893422348176,0.10054097850083366,0
4,2443,15,4,0,0.8075502969861431,0.8942681796604236,0
8,751,6,0,1,0.5703327914753589,0.47972713818556356,0
10,2379,29,0,0,0.9324863788391451,0.9350239990842169,0
5,4326,1,2,1,0.054950115114716924,0.2526924127653629,0
14,6178,27,9,1,0.36570284555904875,0.41259639580903085,1
7,1769,11,5,1,0.2956354304847958,0.3327766263953126,0
6,2369,12,7,0,0.9562479710656249,0.974767200962986,0
8,2637,17,0,0,0.10378742843853883,0.7500419448046062,0
9,4951,13,6,1,0.5154057390695718,0.8218405965341707,1
4,5592,2,4,0,0.8835132685639681,0.5893341705382626,0
11,3595,9,5,1,0.4264170429599161,0.6353403243040071,1
0,2328,24,3,0,0.08814798488998621,0.7674889893439899,0
0,2179,6,7,0,0.550585904567427,0.9607014190760303,0
1,3820,17,6,0,0.6711144708211815,0.2449051665347104,0
4,650,21,5,0,0.4898223957018939,0.6102238709829382,0
7,5379,27,5,1,0.8780716031388276,0.045475903193604394,0
4,5188,10,3,0,0.7180604246383342,0.4138504969089062,0
5,1515,19,4,1,0.17840186309269546,0.641943905554514,0
13,1593,15,4,0,0.6559229074951728,0.61381888312731,0
3,1738,4,8,1,0.7649913878010157,0.14975654031575925,0
8,7959,10,0,0,0.9979380711278167,0.20657183272144253,0
9,3325,27,3,0,0.5268220963584446,0.03413812858308807,0
13,823,27,0,1,0.732771504484994,0.37671662967358344,0
2,4956,5,1,1,0.08998702604283049,0.10451726739635403,0
8,3005,28,7,0,0.8464217656673787,0.3113832280084706,1
12,7067,17,3,0,0.34721199064051445,0.6984668446036496,0
0,5892,1,7,1,0.3365288459397977,0.24089737342089657,0
2,6886,20,1,0,0.815373224517749,0.06592479227498038,0
9,3120,18,2,1,0.5252791810823649,0.7688886578258464,0
12,6006,3,0,1,0.22985465901927182,0.8723246420530283,0
6,5975,10,6,1,0.15482924225891304,0.40676659394232517,0
2,2304,19,1,1,0.8198639066434176,0.20233896736141854,0
7,6278,27,8,0,0.8616641977122244,0.4495132559482585,0
9,4543,6,9,1,0.5295846112232032,0.5841592674594971,1
2,7764,1,3,1,0.6611826759000583,0.2322262356429653,0
6,4133,27,9,1,0.6540459653522261,0.8271619537337795,0
13,2825,13,8,0,0.7169194314560097,0.9230036991296673,0
13,7579,7,8,0,0.3763715990253288,0.7363381485020646,1
8,1541,1,5,1,0.6402534501237737,0.21506904386758663,0
7,1067,23,2,1,0.3984337879342449,0.8617511678617794,0
3,5473,17,9,1,0.3055514752214975,0.28050618637361746,0
1,2437,18,0,1,0.38990326875541603,0.5121753242564393,0
10,6369,22,0,1,0.30134781433699676,0.19640099725298088,0
14,7250,22,6,1,0.5563700675341858,0.38646658133549616,1
12,3103,3,9,0,0.5230756944336052,0.5842385299910728,1
1,7976,15,2,0,0.4107989950427159,0.7377689643885917,0
7,4620,28,4,1,0.6275711611496544,0.380645963677793,0
8,1378,5,2,1,0.7011560537551778,0.8930223919268366,0
7,2187,21,8,0,0.47678394027868265,0.9353901440706014,0
5,3434,4,0,0,0.2379927933639855,0.9060038041609982,0
9,6928,11,4,0,0.31225722987794,0.330826280051857,0
0,4451,6,6,1,0.012564547433061124,0.2602075735069177,0
2,3885,23,7,0,0.10702716016341618,0.9789210459225662,0
1,7770,3,2,0,0.6642341153333222,0.9457147309887814,0
9,7497,19,5,1,0.7735463539158617,0.6904694557084701,1
7,7933,1,6,0,0.11258985717755177,0.578373518039073,0
4,2641,23,8,1,0.42725407124340287,0.2888790433774878,0
8,7054,14,4,1,0.322338958191535,0.8809113332543275,0
3,6745,23,1,1,0.18472907179427567,0.1383200690077172,0
5,2904,13,1,1,0.3747323246811942,0.4694404728880669,0
12,2837,29,5,1,0.5118682227785051,0.21193704093291355,0
4,4428,27,0,0,0.5290780296526756,0.21015158644517273,0
11,1387,3,6,1,0.04133838106776755,0.9804116952449917,0
10,4709,12,1,0,0.22572151057168732,0.9462604784527925,0
14,3135,14,8,1,0.9658441357009262,0.9742463159771029,1
9,5806,4,5,1,0.21278993000171897,0.8330169879797982,1
11,6906,2,5,0,0.7404984901515257,0.593846534309239,1
1,6906,16,1,0,0.26174499436565624,0.13599013507745006,0
1,2906,12,7,0,0.8795458161294316,0.3223831021933239,0
1,7241,18,7,1,0.6640534576315871,0.9832544753364861,0
12,6900,27,3,1,0.5514986554241214,0.9975500649554107,0
6,7789,19,6,0,0.6482851595319576,0.07466985454008324,0
7,375,18,7,0,0.03378179395079184,0.07661096134103196,0
2,7336,27,0,1,0.3434645217970167,0.64046789345173,0
13,7004,21,1,1,0.8618894939056116,0.07822705024378718,0
7,2669,7,2,0,0.9232205685313777,0.43261098515949536,0
3,299,26,4,1,0.3862242266307072,0.875696704712602,0
4,7969,29,8,1,0.5318265934428951,0.8835249909468754,0
4,7385,27,8,0,0.029730900373795666,0.6416714561212518,0
13,1123,2,1,0,0.7040470252020079,0.5262291587405086,0
6,1814,20,4,0,0.7265678531955775,0.14342439626324743,0
8,5352,1,9,1,0.7433078406003284,0.7369449610875686,1
8,5607,25,5,0,0.42574689017535217,0.8293916080029458,1
3,7318,7,6,1,0.6183867138197386,0.7569556855647357,0
9,3646,16,3,0,0.33237346828895775,0.5890056070736264,0
3,2666,29,7,0,0.8318730667396538,0.19886025550486874,0
4,4704,16,7,1,0.7638626566839025,0.19004206639978816,0
7,4856,27,0,0,0.710694403000107,0.9147905452880813,0
4,5592,20,4,0,0.6567359277144523,0.11556053001782374,0
10,7270,2,1,0,0.2449375657859688,0.28746697472616556,0
12,4153,16,6,0,0.6832799163145159,0.8890641904165625,1
13,3649,23,3,0,0.09632117687002772,0.23467661779029492,0
11,4876,22,6,1,0.3253889139265689,0.4390438243229784,1
1,6062,6,8,1,0.7553881249328386,0.6900639759663383,0
9,2738,27,9,0,0.7039029478584672,0.8534302031661506,0
8,7413,10,6,1,0.0530626812485,0.5541242617056786,1
1,1839,21,3,1,0.7035972631966733,0.8420473634003183,0
1,7036,8,1,1,0.9117652010212425,0.8308856238945734,0
14,5805,25,8,0,0.3377841742520028,0.11706669196377983,1
10,2585,12,7,0,0.38353964124772655,0.4906764598170388,0
11,5029,4,2,0,0.615991629507933,0.20840544990007648,0
11,3001,27,3,1,0.8065794490064633,0.9885813316256858,0
2,5586,13,2,1,0.6952722058205625,0.8751214053235553,0
7,6477,26,0,1,0.5658896828566393,0.46481996360710687,0
10,3196,19,3,1,0.09348378624355391,0.5706814206192752,0
14,3535,10,3,1,0.8170433010092851,0.2700353277969991,0
11,2150,15,6,0,0.7524066405798827,0.34408463570242254,0
8,4343,29,4,1,0.31104462965949087,0.1776787669073161,0
5,7756,2,8,0,0.9949297481891309,0.9089271279086236,0
7,3344,18,2,0,0.24383310952135362,0.10991090735262887,0
9,2425,5,9,0,0.001975961701008444,0.27808904518595323,0
0,4747,19,5,1,0.2688680548238067,0.6373037290563788,0
13,2267,19,4,1,0.2588647732898909,0.9262550905069794,0
12,4082,2,0,1,0.33089995581265197,0.9962607469987819,0
1,7665,18,0,0,0.3275412677117594,0.7612101262777309,0
11,2898,15,3,1,0.35257280531543833,0.5647729336205881,0
10,612,27,9,0,0.1939372682082593,0.7598724688195103,0
7,2877,25,1,1,0.05242209160987521,0.05996634018347313,0
0,595,7,0,0,0.3893771638680307,0.881059010260943,0
12,1146,24,3,1,0.8988868251192454,0.9471872440864979,0
0,7332,26,0,1,0.47067430024673795,0.4002633252160972,0
4,4331,4,2,1,0.1289130287455974,0.6647672803390386,0
8,4722,3,0,0,0.9344117185547026,0.5978413457278486,0
12,5762,20,2,0,0.7549928460540422,0.5903538645022236,0
0,6090,16,3,1,0.07587498853157915,0.6034219048091868,0
0,4504,19,8,0,0.344477338424091,0.34144132427185525,0
2,2168,23,9,1,0.5315238368816123,0.8193865104803179,0
4,6274,25,5,1,0.633558614948565,0.36517465921340675,0
6,3470,20,4,0,0.43424517558519693,0.22217821212608524,0
3,615,12,6,0,0.021132886213253155,0.2947303225600284,0
10,576,26,3,0,0.5382135967862796,0.4592853732997836,0
0,564,10,8,0,0.09891213928624631,0.16560982309620953,0
2,7731,10,2,1,0.5065836179127826,0.7570355283622032,0
5,5293,23,1,0,0.048563032285681484,0.9062576049346281,0
6,4929,14,5,1,0.3744845914039867,0.532375018003295,0
12,7177,8,2,0,0.18474084072360308,0.7004605164252412,0
12,464,4,4,0,0.18063826554294693,0.5171925347984371,0
1,2683,4,4,0,0.9891584469649962,0.1818746170470923,0
5,1774,7,1,0,0.07423041527002039,0.3245363934220623,0
1,4694,11,1,1,0.9521399410191709,0.3581707604451314,0
2,3547,20,8,0,0.3784456773652263,0.13925384930357387,0
14,3371,13,1,1,0.40281720618526196,0.7351393602848829,0
3,2320,16,1,1,0.7741216528533078,0.31207963016795937,0
3,4382,28,5,0,0.21018273544609745,0.865862235204324,0
12,3255,14,9,1,0.658755284255414,0.6372649305457138,1
10,4267,19,1,1,0.7132606499568148,0.6544983947601543,0
10,5199,9,6,1,0.645259461360665,0.41846334582435596,1
0,835,14,6,1,0.6703959377293708,0.08963421149291573,0
4,7573,4,1,1,0.8965878386091973,0.38964436992092366,0
4,1114,28,6,1,0.15254481235474548,0.07128821740179747,0
7,1616,25,8,0,0.12305216052338697,0.9351003000710509,0
13,2403,23,9,0,0.608573765889939,0.7466472122985931,0
11,2351,28,9,1,0.07094195166587913,0.9786908531377134,0
6,1855,2,0,1,0.048740710153281075,0.5859115407141748,0
10,3491,11,0,1,0.2766583727580335,0.7651371829180537,0
1,2673,27,0,1,0.7007294869116681,0.7371634641723382,0
5,892,14,2,0,0.5509964954273008,0.755266960542033,0
14,4665,6,0,0,0.13365398259490968,0.6171109543152321,0
14,2007,24,9,0,0.7703611098175513,0.32701781402626695,0
7,5154,23,5,1,0.1003022726141416,0.3266869934989928,0
1,438,16,0,1,0.06253137068535641,0.3012335302829168,0
0,7122,16,7,1,0.6889574797805661,0.36372157445777153,0
7,4109,1,8,0,0.5159503683859196,0.457457261343713,0
9,526,3,3,1,0.019046267308427067,0.4077706417951954,0
2,1788,18,9,1,0.40537390350150204,0.4547252260565068,0
9,7614,22,7,0,0.19357206009393935,0.09890598741907108,1
8,4446,6,8,1,0.9842295408696784,0.837251383039701,1
7,7553,2,1,0,0.8678477963088284,0.9232772965921618,0
3,5286,29,2,1,0.6159958620096657,0.657333390554626,0
11,1645,22,5,1,0.5693591666814465,0.36972263027136076,0
7,3571,13,4,0,0.5795951982975202,0.9322394382955497,0
9,303,12,4,1,0.23392252870034902,0.1347365970842198,0
2,2853,17,8,1,0.7945230241329179,0.29227335992006487,0
4,4078,3,1,1,0.1662726451219626,0.3988789105084648,0
6,4160,16,0,1,0.7627247210322503,0.7216717269457633,0
4,7537,11,1,0,0.8656826271779104,0.953330126744485,0
6,3288,29,6,1,0.8736000057761258,0.13500663679609004,0
3,2647,19,3,1,0.6093736454293817,0.15702814123557896,0
8,5869,16,7,0,0.8506617297952732,0.704676475030501,1
10,1973,10,2,0,0.34330385571336053,0.4604171922439748,0
14,3817,17,2,1,0.16186354276272408,0.4556126230761741,0
12,7417,19,5,1,0.3508915127033294,0.8150844755153733,1
3,2383,5,6,1,0.3587000395308326,0.11985275043946597,0
3,7452,25,6,1,0.669803049140596,0.23446161751600936,0
7,243,9,4,1,0.09152947558913582,0.08745231983439128,0
5,2991,19,5,0,0.4593488334414245,0.9172016285504904,0
5,3328,22,0,1,0.6418236289138367,0.7233883202138319,0
10,5553,27,8,0,0.1672283565778776,0.2744865686449105,1
12,3370,24,8,0,0.40048955856405033,0.6229891624580444,1
14,2639,17,0,1,0.4313364123329485,0.3310551031948361,0
5,3410,17,8,1,0.9913585039638915,0.41850267079756864,0
6,3567,7,1,1,0.28397640718307915,0.25529779619465787,0
3,1732,13,3,0,0.5786402750882506,0.6438555922981144,0
12,5094,27,2,0,0.18369458855747933,0.8588131714792444,0
10,570,10,3,1,0.9745052449584317,0.6240712798471881,0
3,5194,21,0,0,0.9603339636786244,0.45355749449699223,0
11,4903,15,5,0,0.4713811882093447,0.3539683791134999,1
13,2882,8,7,0,0.2701457756309411,0.22679647263263514,0
8,4438,24,0,0,0.9049697091891781,0.9849772124889608,0
4,1169,11,1,1,0.6549435785374607,0.759784853687191,0
14,3805,27,4,1,0.6069431716418519,0.6692516555363287,0
14,1586,29,2,0,0.38810669013733823,0.5942595396486325,0
13,3162,14,4,1,0.9197071113052916,0.10174338607733502,0
5,5563,17,2,0,0.719716814418375,0.45794787406859516,0
5,7528,25,8,1,0.8075153563689972,0.4823774132996026,0
